lorentzForce,siteDistance,vAve
1.85,-1.60,0.324973
1.85,-1.70,-0.0750873
1.85,-1.80,-0.0750328
1.85,-1.90,-0.0794602
1.85,-2.00,-0.490233
