lorentzForce,siteDistance,vAve
2.00,-1.60,0.0755526
2.00,-1.70,0.0689324
2.00,-1.80,-0.181069
2.00,-1.90,-0.252291
2.00,-2.00,-0.29645
