lorentzForce,siteDistance,vAve
2.00,-1.00,0.174877
2.00,-2.00,0.124741
2.00,0.00,0.0246646
2.00,1.00,-0.375099
2.00,2.00,-0.0882807
