lorentzForce,siteDistance,vAve
1.85,-1.60,0.46938
1.85,-1.70,0.0593825
1.85,-1.80,0.031912
1.85,-1.90,-0.0372646
1.85,-2.00,-0.324931
