lorentzForce,siteDistance,vAve
1.85,-1.60,0.075084
1.85,-1.70,0.117554
1.85,-1.80,0.112542
1.85,-1.90,0.107581
1.85,-2.00,0.10255
