lorentzForce,siteDistance,vAve
1.80,0.00,-0.0250912
1.80,1.00,-0.0250417
2.00,0.00,-0.139069
2.00,1.00,-0.025864
