lorentzForce,siteDistance,vAve
1.95,-1.00,-0.216678
1.95,0.00,-0.0167291
1.95,1.00,-0.0167127
